Version,5.01
EXT Filename,C:\fNIRS\data\Khoai_20160808_1166.csv
Date,2016/08/08 15:59:43
Records,4
Data Folder,
.OMM Filename,Khoai_20160808_1166.OMM
.PROT Filename,Quangk11_30_60_30.pro
Gain Pattern Filename,
Start Time,Protocol Type,Pre.Rest,Task,Pos.Rest
00:00:30.03,1,30.000000,60.000000,30.000000
00:02:30.04,1,30.000000,60.000000,30.000000
00:04:30.05,1,30.000000,60.000000,30.000000
00:06:30.01,1,30.000000,60.000000,30.000000
