Version,5.01
EXT Filename,C:\fNIRS\data\Thien_20160808_1170.csv
Date,2016/08/08 16:25:25
Records,4
Data Folder,
.OMM Filename,Thien_20160808_1170.OMM
.PROT Filename,Quangk11_30_60_30.pro
Gain Pattern Filename,
Start Time,Protocol Type,Pre.Rest,Task,Pos.Rest
00:00:30.03,1,30.000000,60.000000,30.000000
00:02:30.04,1,30.000000,60.000000,30.000000
00:04:30.05,1,30.000000,60.000000,30.000000
00:06:30.01,1,30.000000,60.000000,30.000000
